Metrica,Conjunto,Mes,Modelo_Base,dt_1_profundidad,dt_5_profundidad
MAE,entrenamiento,julio,,1.339573,0.554496
MAE,entrenamiento,agosto,,0.635406,0.50891
MAE,entrenamiento,septiembre,,0.599556,0.517805
MAE,entrenamiento,octubre,,0.580033,0.477252
MAE,entrenamiento,noviembre,,0.62718,0.566196
MAE,entrenamiento,diciembre,,0.643671,0.580536
MAE,entrenamiento,enero,,0.625776,0.589184
MAE,entrenamiento,febrero,,0.61717,0.595198
MAE,prueba,agosto,0.545945,1.299973,0.629196
MAE,prueba,septiembre,0.519305,0.555756,0.513905
MAE,prueba,octubre,0.582396,0.566466,0.585186
MAE,prueba,noviembre,0.749347,0.815768,0.773198
MAE,prueba,diciembre,0.776888,0.726127,1.053281
MAE,prueba,enero,0.673387,0.599226,0.734677
MAE,prueba,febrero,0.610206,0.556926,0.600846
MAE,prueba,marzo,0.615066,0.213122,0.591396